engine_rpm,engine_temp,vibration_level,failure
2854.1531251033616,79.77207434801595,2.106691051494362,0
3023.699335658207,74.05296932733205,2.2639280686096748,0
2845.226780343005,109.38928999058284,3.645093425464947,1
2783.7209060901896,81.96821049319655,2.5027004052777286,0
3775.2502464070394,78.56273792679337,4.023309271658405,0
2865.0625323533145,96.19154261005198,2.0146397641877627,0
3206.390463468249,114.39752406339272,1.687924646537705,0
2776.783192724736,88.3185618141521,2.578454031631156,0
3269.455021842329,110.06092888159122,3.150564149398382,0
2777.248739299614,91.68654671966728,2.4580764395380243,0
3678.1200142854113,78.80330105373856,2.033793073910734,0
3653.571377141214,103.7570681331162,2.5407101614848147,0
2238.4065476081128,80.80615408413577,2.701792317141342,0
2738.5699864233657,104.10932379746272,2.4503967925071746,0
3029.6092170072443,87.0459858986097,3.1836201816532927,0
2551.3728142570844,102.18761851697316,2.4427205985135467,0
2643.5771086614177,102.96994546561108,2.8705650336792985,0
3202.490855480478,74.44104353796372,3.2373200895395677,0
3373.1267830136103,78.73232531090194,1.595944528767714,0
1959.035296058139,88.67366253617426,2.218868611429014,0
3058.663691654391,81.01532018208962,4.987934844804289,0
3514.5778186628218,97.9994190194205,4.0896488893595535,0
2055.2296345272343,86.11481546911114,2.5846030330171845,0
2118.479922318633,103.80091354147451,2.624152547087183,0
2916.4409598415727,87.41203937332898,0.8327096484011292,0
3323.844269050346,90.59630369920174,1.866064063200031,0
1764.1777499363554,83.97787939638219,4.441373189076418,0
3155.4537827990025,78.2988697394064,3.3479491072372976,0
3095.5495340099515,88.92697855995772,1.2862610426626566,0
2569.793317358024,95.13600106569716,3.2806533754757674,0
2764.480847190838,99.49554135441323,0.7773256641030044,0
2499.189995052542,93.51448207541584,1.7384652319822114,0
2522.2297796997877,86.27166847908234,3.875502324965837,0
1894.4323454960572,89.64358517702516,1.610426379380669,0
2471.14453552205,96.4719593970274,2.9043761273333013,0
3926.139092254469,73.3141592612241,1.721163040236425,0
3108.2292947909878,76.30197020420923,3.132500479330215,0
3354.5018787942563,96.45215585950056,1.6547538857917976,0
3107.046872065102,83.98632356048786,4.119447698629482,0
2661.419144243944,104.90726136849952,2.2143766393547124,0
3761.514928204013,83.53063222294426,2.253630776288768,0
2311.1653160214546,90.48860070325703,1.7348508985455928,0
2711.6143347158336,89.17319314157301,2.39963659199768,0
3014.878069747873,90.21311648671944,2.740885871353393,0
3638.832447894212,90.28181157369129,2.985378447308946,0
2962.777042116916,109.14031353866788,2.9825499448658745,0
2408.3707436671125,93.074066978091,2.9516847407148803,0
2850.496324767066,85.71884839034088,3.463107549735053,0
2595.753198553406,93.81935452231554,2.059570520406733,0
2924.1074524822084,71.63794626896703,3.1267124074260764,0
3738.947022370758,86.78364948782617,1.3449161470931663,0
1979.132565787855,97.54291329813574,2.981694656313987,0
2169.5195332420044,103.40450446023144,2.645141296091177,0
3691.079495518764,89.11637040794665,2.906614911739672,0
2942.730077373691,102.00413907944426,2.6658138635191557,0
4046.19363784273,94.86501643826202,3.83959394667803,0
3375.6935616858946,108.54092566334188,1.818874852591749,0
3303.9482548582696,82.12216248091761,2.359548843600628,0
3066.484837073438,79.27256974260193,2.344242163106655,0
2882.9315215254096,93.9348538542175,2.670634965898351,0
2510.813611192484,86.50683203881802,3.848011422966808,0
2889.5152002333884,95.88578404420608,3.2098326698133937,0
3130.5276360899447,70.01799315467892,1.6425142135678756,0
3816.2056519658177,88.88773938651299,1.0771299327947863,0
2855.670680539931,93.91804005402548,2.6147107738738007,0
3329.2721363364158,79.09033569784802,2.927853869076728,0
3014.1591880652304,100.76007138598598,2.21229626203803,0
2580.139078909612,96.7792587133927,1.7289928590315111,0
3764.7751597303063,81.53643345009127,2.870547836214068,0
2700.3036772779888,85.12088591854297,1.7342792680839656,0
2996.0136793416914,84.48141854107553,2.48892980312461,0
3571.4114072575103,92.01099046714968,0.4501330729637516,0
3184.3366544364508,96.96954404510736,2.463590203759006,0
2369.558022832477,93.30880232214456,2.3979607036979727,0
3285.29933429658,80.4056076327652,2.2491762510620816,0
3271.2800217929826,84.64764788439432,3.2500561101012466,0
2558.0712818994334,89.80362201073319,2.8407097649544286,0
3677.818929402476,82.00807993349747,1.5482666727277108,0
3178.556285755873,86.50742295681572,2.980965399143292,0
3305.292872641912,97.60055963689602,1.6663644702055176,0
2575.077815267604,86.32972160916678,2.3376154900834742,0
3340.7503486863125,82.03974143196511,1.071306806452711,0
3426.216667398112,106.28396623128538,3.049054765565361,0
2895.9388748213623,93.88578604530964,3.891119731038063,0
3567.7828200902995,83.07094802204092,2.9836122610842937,0
3075.1508807309388,91.90499679779066,3.208185186391193,0
2586.3845282238385,91.83359919779156,2.8269222491845367,0
2470.393239055524,90.21271576736062,1.9475671581469924,0
2461.127611035347,88.52997998371511,2.019661147409036,0
2879.381971071835,72.26967531793119,3.464795613237453,0
2237.2374145376307,93.77100393902188,2.568167559707121,0
2980.2224230716724,86.80946064333382,2.95850225059296,0
3954.708320235065,84.48814283671467,3.274547728426289,0
2943.835975154585,84.19476550195277,3.1953248515114185,0
2945.619925771571,91.19580368414154,1.282112651025687,0
2734.7494261947363,78.04116937964815,3.046663194248856,0
2748.9728878236942,74.97029671604847,3.6781365406007858,0
3529.212243424794,87.78746376414227,3.399482687896402,0
3383.717364576454,96.35171801681967,1.8463290951454476,0
2642.824290986816,100.09817089342634,2.006910873568418,0
2435.146572671191,107.72251596669744,1.4931960714597323,0
3192.0327244696537,96.62881268667412,3.899667123364337,0
2196.7768398712137,107.26963851233404,4.094012282534495,1
2875.517925760463,86.35047270457115,2.316487404745578,0
2962.783285449977,85.7069777548274,2.450588640111897,0
3121.6697246613458,89.48606276411513,1.1956214050278875,0
3487.559866708876,91.48667457202112,3.212306530815829,0
3117.807279054283,73.8486818409449,3.67134179100195,0
3220.007225026666,116.44343347017036,3.2008374340238355,0
2495.956844541298,95.159392177041,3.0209089934589257,0
3518.7699721289496,66.37067564458161,3.1787447057642275,0
3319.296229388687,91.40886246911204,2.8789056614491635,0
2792.3560430495995,101.48637349428716,2.811327356534343,0
3877.3970909921823,108.99881934895215,2.5191224346279646,0
2743.0665413316533,102.38283071433636,1.8729874675308824,0
3252.023257758922,116.01683114180396,1.9273920087113985,0
2642.348145370016,99.6387911679491,1.006768038911507,0
3428.8298116010096,95.41462728204787,3.046855458560382,0
2730.120159845319,93.6728731340134,1.9060126139692928,0
3477.0008817466014,82.81592734430802,3.2058664498587275,0
2006.2155426995537,98.50221742113492,2.1398485881188707,0
3260.970782808449,105.94505063224972,2.417396191880762,0
3373.646802561631,88.25040243304592,2.192822982438119,0
3027.862456144347,90.67855510527404,2.145564783097214,0
2876.2406822242474,89.62963202951588,2.306802043303377,0
2703.803037880565,96.96387447456716,4.85927554024698,0
3122.4832855543614,94.3693816974635,2.89361507839424,0
2288.873145201163,99.3259083187309,3.187670309583841,0
2951.643444064804,88.79618836046401,3.725894179742493,0
3236.796215317591,94.5353430151398,2.9734513069931023,0
2295.76935181822,101.09699841956224,3.318967636885585,0
3549.388425993595,98.17766299200288,3.936169084729858,0
2325.907288947144,97.38810480887504,1.6528739303547195,0
3547.0957592354744,98.5277367512222,2.116405626080605,0
3248.3570765056165,103.99355436586002,1.9598573800204944,0
3340.976485647482,79.34886336924627,3.1711524003756897,0
2359.7853237518584,96.72573701202732,2.615910266477513,0
2898.477306978504,93.01791899819466,2.048180796663246,0
2310.3403859927366,86.91965715814258,0.8303783851183448,0
2966.960100676342,93.2316771418478,2.944410117073798,0
3155.625077271768,94.19532443907028,3.662608530656828,0
2774.967264260378,99.96047685805816,3.83876167223883,0
2961.449145292948,91.04201103951875,2.244121981396125,0
4095.227812904989,78.53654606981311,2.937695292140168,0
3589.7200603606434,86.34678448687892,2.4332496241677117,0
4030.3739624409936,95.38296079049633,3.3378541652971587,0
3583.891030829904,81.2201741324344,3.996772140297426,0
3639.225931303649,93.69642192198094,2.763606988458408,0
3048.5387746740203,89.28398740585936,2.761395811681856,0
2717.960684631636,90.97983153470896,2.186023115151301,0
2571.421221791859,103.920022863446,2.214043661751658,0
2509.2456744760248,102.13097699979184,1.630203248909758,0
3324.3549437948213,86.29988970117873,5.640990165149061,0
2677.440122697438,93.46503881730716,3.240972321793274,0
2753.4995326705834,114.9299951743279,3.2830864406254365,0
3034.2814874030137,94.21920754235283,2.515693326155192,0
2585.502494538964,83.31909546356951,3.341558094178335,0
3322.6879747925736,79.55190805978967,1.2751139979554222,0
3579.055436750034,80.60664606181246,1.6266392990885483,0
3129.941397124212,88.26928175716131,2.321438196292156,0
3485.785475477178,81.60790332660994,2.46521844014891,0
3169.2482037472078,92.00569197230944,2.7976843780854903,0
3774.96720250877,99.64087168288356,2.041118581682479,0
2968.6604513634143,93.08833012598964,1.767046467615006,0
3481.6880646221607,100.2257043200964,3.764432549254699,0
2699.6806550405977,96.13517972730416,2.6677275322197005,0
3486.277224813365,91.94607455237242,1.2611053609090026,0
2377.130610644006,93.19781934142536,1.4094607963257515,0
3475.211919093025,90.32004149065769,3.212158728899829,0
2681.306436346741,78.0636316824352,1.616109765549984,0
2623.1319178212552,98.53415558780308,2.873086699557068,0
3303.00497567282,87.58742345381458,3.3360707792678026,0
3113.729967302065,87.02436496640009,2.631808672989213,0
3170.575987408322,89.37406872100478,2.6214063937989924,0
3789.606407753696,98.95193220027733,2.5009643802897794,0
2637.1280934232677,92.38368982734784,2.262714032744161,0
4539.440404227619,81.125078221979,1.4291153602214008,0
3782.3218279070034,77.1700777581143,2.6578525659244763,0
2846.1108825235,107.32514999485092,2.0717319303870214,0
3098.277388255787,98.96839315865532,2.2430057871056706,0
2669.106767615806,95.68983079185276,2.1743709496585755,0
3390.9114358886554,90.15579047581468,3.691890750881666,0
3135.7894185976866,88.3986720443336,2.169601742285253,0
4071.972044662663,81.9632543203027,1.531062456575375,0
4157.329283336754,78.12401580970487,2.2133278783830224,0
2649.9395925304134,92.39246864111148,2.4486494583132017,0
3463.088773765821,97.78361076166638,2.956490397775625,0
2468.848143136948,106.13711269058646,3.038288988773456,0
3104.191403973776,98.00409525227684,3.713115244202858,0
3310.9049811085983,82.57529414301952,2.1070770022863163,0
3357.000247046046,99.40771187988216,3.726746961037061,0
3085.6841405949854,85.4111573713106,2.172574049509517,0
3163.066511121059,79.99668675394426,3.365413382138263,0
3128.775195361382,83.76231039304194,2.2371052194008123,0
3415.167908272123,81.7240977935128,1.8599691484818828,0
2580.391238388681,89.74445929008554,2.1190233011642725,0
3311.424966173749,82.43204911430539,3.5723688414322785,0
1966.2789499800615,91.81021558703706,1.466189843915505,0
3092.418061847437,99.5287454720294,1.893374344889928,0
3320.4214306335048,81.18125348772283,1.5065915396147005,0
2727.808637737409,107.27543170100712,0.0843902753433396,0
3378.7538550236527,93.9467152982298,2.5303502683580814,0
2711.5540652384257,61.2773778671835,2.543947288799879,0
2169.23996886552,72.31560634437149,1.7588950960147691,0
3240.5046158683567,85.73642403794457,2.865824323692193,0
3296.550628984192,91.26379579546412,2.767087973254828,0
2720.539076364206,64.69712477253671,2.407016765502433,0
3206.4657271378123,86.11823181458772,2.5056505269025413,0
2807.458859791842,93.95803533437407,1.80629582743128,0
2568.004615160092,99.5530520857051,3.4957436645894293,0
3250.4585938121904,105.13449743242133,2.5687144050346644,0
3536.815874929886,70.20700189624212,1.924934089913016,0
2332.327820644949,89.16894427371305,1.980187818521386,0
2873.71592430342,91.69360824036076,3.04417288436036,0
3444.8153978117184,82.8084668075758,2.794986517854016,0
3105.5087336013094,101.07080669286972,1.8452570672463988,0
2737.739866860113,80.96298139269872,2.236441770922327,0
2497.929616623966,99.53136633913245,3.750311014806559,0
3049.666152714613,79.75813175670795,2.316160295539845,0
2530.060106836322,95.86364018755091,2.3124737597469425,0
2545.9879622393946,86.7965269180568,3.0083344241673813,0
3551.650941008261,89.0946671769584,0.8199787938787007,0
3101.731817933612,86.00363814385398,1.8866747297733213,0
2064.6040394870724,74.37454143113457,3.1867608933253324,0
3358.7711278979814,84.16922561431062,2.3605165936777315,0
3006.2962003908974,80.66732040926804,1.1341136339256426,0
2740.864890863176,110.7674798356084,0.6630552374902094,0
2907.1705116680914,61.51457379369924,2.3901025692804825,0
2355.019550129473,110.62524919243144,1.6739808771779685,0
3581.58187607748,79.07687235327421,1.9594335366707103,0
2023.956100238749,76.68767046442221,2.8696487146015173,0
3259.673257120586,89.84690150827005,1.6765027934543428,0
2990.491896048656,84.2348959927328,3.4695551883091205,0
2946.484820022721,97.53341621104532,2.035957406903965,0
3034.9010424950093,91.92049116490033,3.033050000727369,0
3120.981135783017,110.75260872625265,1.8846861201701608,0
2464.553750969444,99.18316606002313,2.3556866545900736,0
3048.838049274416,85.5671774880849,1.6067804480410728,0
2734.5656135398394,106.15582823548232,0.8034398778919469,0
3064.6105909876137,121.9310756784486,3.034672390974465,0
2193.642064405174,94.13799097451498,2.3550206614255176,0
3163.463686882081,92.9355793216663,2.2602586815945704,0
3064.052207455394,95.9355672228086,0.9701960196641785,0
2446.7370456291646,86.46833707189312,3.324464468499246,0
2601.5523722647617,94.68774256075024,2.8463678602885567,0
3316.3909330531424,79.84178181021603,2.457503477585964,0
2786.55946502629,100.2996081758116,2.749046938754308,0
3006.500945938953,73.07043185804615,1.213871178305553,0
3053.2151138459485,89.77131937701118,1.4062897548318034,0
2814.279567002104,80.77589815501497,2.0689265150458094,0
3124.110293150168,96.93105607263143,1.99945817000303,0
2634.5349800290405,97.7966053226934,2.03230581547424,0
3915.7293829271766,91.36535331082736,1.9799808524744813,0
2589.6588408241446,73.54601253043108,3.412119230817013,0
3882.727120140548,92.33785911790748,2.3487036873783733,0
2493.9478123699164,86.65224667893459,3.8599658996611046,0
3923.3536628680167,92.80161158819608,2.100215859078696,0
3545.7534259612307,95.4673356820138,3.0005047469168007,0
2616.326218555975,87.90676322848134,3.658799383914341,0
2232.942914632189,94.55887772081608,1.601964155004469,0
1690.1274479551278,99.9626681944714,2.00587848365252,0
4231.621056242643,94.95681887972604,1.6982500353748218,0
2777.8533699619443,90.20793707675408,3.460063165141489,0
3664.576265066216,92.85554074857656,2.01312822140824,0
2550.792664325821,94.59972142939117,1.0230497102095248,0
2919.357144166996,101.08182816737516,1.5484704857061375,0
2903.8195176094387,91.50418905143576,3.0926594763361006,0
3057.837317146429,92.68592278863257,2.7724713731203976,0
2097.5589496677403,100.88748619704184,2.88615030976737,0
2482.378838790313,93.81158384882778,2.691523600428302,0
3257.2194170293747,87.49166983544953,1.5813893689979053,0
2648.973453061324,97.2762954363698,2.997765715234721,0
2722.400236653401,77.70450405547584,3.195323673997517,0
3256.633716556678,88.03650150915021,3.661974027576597,0
2587.2514016037444,83.8659733645906,2.900532577104968,0
2889.517913085168,83.58518404777048,1.595837020260861,0
2486.74235029447,97.47910256117534,3.096004250301825,0
1900.597021689959,88.94051645695865,3.264240446590202,0
3938.397906279033,80.46671391741287,2.35237971387532,0
3166.8310526434743,99.03934841086196,2.546418187846716,0
2972.2076645447723,74.36809191303342,1.5898514636601466,0
2803.945923433921,97.3264007721558,3.331289429936215,0
2767.135123214872,91.975996046924,1.8898201771470284,0
2143.432735454561,76.52873710470304,1.7625121494997495,0
2394.491900118772,88.52397413701331,1.7650507908111246,0
2849.448152205356,89.61491530499293,2.6218838976269776,0
2942.17585880588,100.78680833431297,2.080729281652326,0
3314.17275463214,95.99928729996203,3.179281688594515,0
3948.396491326974,95.6390912005236,1.493937712868307,0
2904.830660958196,102.08366230593144,2.2761918652033324,0
2741.194350481914,84.37831973421697,1.7507949001683232,0
2510.6181421088463,110.574954697117,2.669026953823578,0
3246.6589504404446,88.62551485372308,2.656019987222501,0
2292.314628974793,99.98010109859652,2.801127620878013,0
2517.538269709948,110.5620712994032,2.9576459533713155,0
2867.671583381022,80.11408892849083,4.118884975383711,0
2347.7652497475733,93.99687951752642,2.097620183558925,0
3775.575987761261,90.57013124897084,2.9411810201916184,0
2911.5263862529755,78.94295331514064,1.9901538023769645,0
2755.280278740889,77.65651128120078,2.01450785771426,0
3360.836032021617,94.03730090336607,3.0433142203505565,0
3726.7670385786582,89.0166037320525,2.64779246311658,0
2765.412173947648,91.84680305864909,1.340283824241176,0
3109.5751638319693,112.31300146192632,2.7867628945676963,0
2361.6257120898454,96.71340076450466,1.7586413529221514,0
3321.361379933772,89.45105999383713,1.8403886707778607,0
2388.936095554028,78.20960208840198,2.768046423267294,0
2737.12248915962,83.94285076996661,2.461078118743639,0
3171.362673188852,68.64325786021304,3.245753251408308,0
2324.157697191833,96.77875319530908,3.758415780171885,0
2646.165267190609,94.19019009366043,2.163390565055157,0
3503.14640460722,78.30083164289712,1.5034260988428922,0
2926.4713092489305,86.62914028881961,2.960164012885253,0
2718.8562353795137,91.97910783462648,2.344939088981757,0
2496.991309250149,90.6447441481012,2.4955231849367627,0
2570.8211099093933,106.12278257988646,1.5955077320499789,0
3343.1300951872568,96.337768809321,3.0953535771999494,0
4360.084583294809,78.96410682784229,2.505439875647998,0
2976.14432192901,98.6239347238276,2.7309789302600187,0
3033.764102343962,89.75645407739017,3.5885268766709206,0
2990.743432003805,84.53755551747517,2.2045782886030376,0
2872.511391289572,80.0069776770509,3.1785393701333344,0
2242.127942501384,98.10808273159782,2.887101320950432,0
2588.889802216784,91.60573981049863,3.059062736162028,0
1980.3839111199495,98.15737212539295,1.6842685290463075,0
2922.16138230396,87.96326249823034,0.996060491888764,0
2616.101217447936,92.87124165201824,2.2808055345365568,0
3526.9010260174514,95.43298029036389,1.465381633703069,0
2153.7676851425904,94.84732817294474,2.7372604361126096,0
2836.168926701116,90.519458858073,1.5889335057753846,0
3197.226071189149,104.92688568959522,2.762256938274468,0
3180.818012523817,85.32298798688109,3.638198508879952,0
3941.012248237517,99.19228934575204,2.5670613023434887,0
4066.516687328133,82.14010539492051,2.12847659015249,0
3083.226104106528,91.598563919974,2.673420451010103,0
3751.178526048014,88.32878286213588,2.680246337632753,0
3116.1268485805017,76.76910206592501,2.684560724574947,0
3410.951252187612,85.06243416838687,2.24714171517836,0
3097.922627548841,87.76534017628148,3.484699610523788,0
3183.299123048424,84.71383318250243,2.735379303210795,0
2576.6031409657976,95.50052099024552,2.15660446376107,0
2282.0689244102805,96.09138120907176,2.1102171487091583,0
1987.4287066711963,106.7770081407644,2.511418454269147,0
2459.2259981928028,72.39191188019224,2.4636710256542096,0
2415.660981190234,89.42381202966415,1.70452050031319,0
2950.4120681103086,86.56807724502589,2.347597515201751,0
2880.525976566795,82.83177679397195,2.939107068253892,0
3726.6922385588505,94.41940649569408,3.863284413004393,0
2761.171276617441,60.78649516505393,2.134158675930568,0
2504.731837434656,93.02635465239034,1.555349747752924,0
2982.644115147378,114.03415585238275,2.317120067727985,0
3683.4371337222624,90.14688194729196,1.39516431747698,0
3307.967803472132,76.54020319753252,2.392402572478614,0
2845.393812074393,101.72729019259364,3.199511344570182,0
3897.9388365477607,72.51468026761819,3.0450876083543585,0
3124.691841855378,96.38051101440756,1.915234979427621,0
2613.4951080722667,81.15197285973099,3.488649296005551,0
2779.977756651508,82.64470057410233,2.096656135193862,0
2769.6806145201062,96.5232287841342,2.500165651934558,0
2893.2764241440764,87.75234598107316,2.186389888064696,0
3192.658689864418,94.404747379604,1.9704142577627128,0
3286.291390678079,82.55097355193551,2.375792760940201,0
2982.6575563066094,83.87562625359563,2.305292816499985,0
3128.0148671569377,79.46317580853646,2.2318897750628386,0
2487.806179332855,80.79326406920634,1.643157056280761,0
2955.439980243606,77.03168052044154,3.0517662441961555,0
2611.0916562045622,86.7767953078866,0.9298994466619366,0
2989.5492030179257,95.36509843570404,4.096533991827172,0
3121.843605745956,90.03046020153414,2.836778355511512,0
2661.803848970365,88.02661579692673,2.7820039746855034,0
3148.492336616593,81.53038651681672,1.185448951076666,0
3293.428546900135,106.33431532301096,2.517972714249637,0
3416.961077274452,86.90790922950137,1.884003147042034,0
3162.0419846973973,83.7443729849047,3.160078611734108,0
2920.0307350182866,97.59155160302647,1.4072354310395725,0
3188.60593753226,87.13995778119889,2.671770546536421,0
2196.258382719386,88.49944412967473,2.6386733314963267,0
2862.4741514241778,101.96631486645651,3.3583824382128094,0
3618.908155986731,83.43105721028604,2.5554754696290005,0
2744.392161784408,100.80048065714648,1.811129671861144,0
3048.497982496359,90.56649924897108,2.851600984496181,0
2293.8481493323543,94.24165946401916,1.508593284117222,0
2552.696348890248,98.95038314076116,2.0603677803235723,0
3214.809109566293,71.24827530354256,2.976023572668452,0
3627.87806278676,74.18809297967867,3.2323122204481294,0
2928.8102574893533,105.01333651955488,3.1637859343033394,0
2807.7222278850872,84.6729916033809,3.234763555153931,0
2604.762772277344,91.13270410537764,3.0636052318597784,0
2335.906975550785,92.24451818559972,2.4795405502464045,0
3413.591624518012,87.19324923133226,4.171630977355819,0
2832.7493820795257,77.76059733237743,2.5834847500185703,0
2789.906591452072,89.01411867715738,3.261159421646469,0
3751.996494291344,84.95225078771783,1.5139813481851927,0
2525.3005555840286,95.1120259952498,2.440841947513286,0
2723.8884778595143,92.88693629279857,3.443780166688568,0
3146.5362366493405,106.4201516013637,1.4918681878619358,0
3294.1586032422883,95.07991326912544,2.2987688911644035,0
3434.8029600528303,83.54035820875464,1.9917100889394963,0
2824.243257979346,84.70947322653706,2.312303544034069,0
3013.045525105417,101.6187830260819,2.946511611614805,0
3157.123666297637,85.16114165945679,0.8969101084745972,0
2716.851135198614,82.45724149980641,3.3914573557350978,0
2590.889658383264,89.29501221940909,2.8662182929215088,0
2757.8829635668744,77.90358981308795,2.7909055060999743,0
2987.937456444998,103.1759753560796,3.212198000669207,0
2955.1321528563867,95.55604466003447,3.47846645367626,0
2776.742523966489,91.0537550614596,1.221500518493002,0
3150.7736711668063,93.64961002466224,2.089429146822732,0
3054.6973973024465,92.98752908365688,1.9126609609772036,0
2613.105400448213,91.22670315994796,2.01620426836943,0
3312.8336738825037,91.79894151153478,2.3479687719988043,0
2719.909479901515,99.92042349536524,1.7015514981484696,0
3350.1549397044955,103.14914453584048,2.998168979120215,0
2727.540456595525,68.27330453985964,2.899891298992297,0
3371.6320470113574,96.15367484013052,3.685330721970079,0
3356.499215086194,101.87679388461564,2.7529247657462226,0
3380.207328072149,94.07052287124534,2.6598483469749707,0
2511.2223776007245,96.30811684554776,0.7245597018019718,0
2998.198730454716,99.53125045376086,1.176090051017363,0
2640.077895802646,98.83659937486672,3.396824533859577,0
4081.62736165273,91.42943094763709,3.5057193734900585,0
3236.9164604558937,112.52435805344308,2.2458279225950126,0
2722.2614404198725,107.75310892609512,3.166667129424246,0
2592.0948575172806,92.81191423969376,2.439239181085982,0
2493.584439832788,83.48581996385552,2.2883881269515114,0
2974.880945275432,88.06340540720282,2.9378118379023737,0
3171.8091447842307,104.76540349725896,2.237684226789666,0
2659.47417126256,60.59611365335719,2.4450927631316253,0
2359.847800664553,93.08050539504104,3.297256408463558,0
3377.695612912878,88.78252491616716,2.762303619327486,0
2374.230287904778,80.94267699137382,2.8733367855728646,0
2936.0412042596167,97.22381357827771,2.0153113433928853,0
2381.092250586576,99.56702316794583,1.7150675750882547,0
2818.193893893072,97.0945181713904,2.026115235478357,0
3111.893975819449,87.90778126255472,1.965776354824891,0
3544.475298483683,88.70179300266574,3.557043225818409,0
2424.5032112888484,90.380034781682,3.940408945208683,0
2958.9244108037155,84.04338705956508,1.74086678334013,0
2309.9492708925545,106.07345576019992,3.160837737153205,0
3176.0276982571486,102.61921500713991,3.121925882211609,0
3345.0719958555565,101.96571501664492,1.996589285045769,0
3339.798874467338,112.10523001591352,3.306010951869537,0
2020.1649380601125,75.3562511979018,2.092829099434001,0
3720.058607724736,90.8958068125525,2.2929164797041346,0
4076.5912287557785,104.71170327493608,3.3939190527219685,0
2712.09087967766,94.4460266822014,2.332548944336511,0
3900.470216455408,88.48726716346488,2.043718906869056,0
2688.429736787618,83.53772690156197,2.0613849640599384,0
2221.685413238048,94.09818656928512,2.699446876513383,0
3337.409746083302,71.1815095450236,1.286685960463367,0
3086.590462925591,74.0700626646833,2.6517649340883165,0
3710.252123994928,100.0058231804298,3.474367321844446,0
2693.605654757807,103.04340242878152,2.826885846161414,0
3281.484618345285,89.96625542589048,2.0102106123937995,0
2284.612448940976,101.33770096867065,2.716045886713138,0
2327.774744482861,97.08214423256555,1.1369027305386248,0
3571.8770216034645,81.89747562985619,3.906896387356107,0
2979.9210246778284,88.0509171964732,1.0435173595611862,0
3579.297789503702,76.10427533236404,2.8985773987974284,0
3322.7420905705376,78.06074993600944,2.1399897136033488,0
2659.9876392107544,83.61038252310497,2.5167091906367696,0
2741.977635891313,89.39339186185379,4.654426931184398,0
2659.0078760011006,97.08303847201064,2.330232824079079,0
4316.191032418696,103.73658545162958,2.138672419072302,0
2986.743062275392,92.17432873179725,2.3697656751421645,0
3032.140009547732,90.4381147197911,3.63568240361091,0
3355.4799841017457,92.83287871546142,3.1054309439895857,0
2598.8613653891907,88.60410371844826,3.4003478275318155,0
3877.6704212216014,100.72507337309804,3.435671993942219,0
3033.7592407050543,95.07835756289624,1.4388222973511335,0
2538.383376944548,62.967677070007625,3.904380558652392,0
2770.319550229878,91.76441555277223,1.444602244320986,0
3088.8505004666267,75.93682536328166,3.199613659306018,0
2828.656202959826,86.08241850956178,2.708353810666845,0
3375.966516343387,100.50654396007612,2.347177789919865,0
3305.8381444204338,92.60673765823908,2.2570191769786683,0
3173.224104748488,68.46609886396286,3.829176132582415,0
3023.4902968823712,97.18953310665069,2.2826759117391573,0
2464.957616836924,86.30389663956366,1.581846888147466,0
3256.8929754561045,83.37099082449052,2.784490679028528,0
3099.042380383928,79.9345743472036,2.637471471834825,0
3191.204873092025,90.92844901141116,1.565776358985652,0
4280.042269134397,90.75433638901592,3.21628434461008,0
2765.262807032524,100.49552715319336,3.027396534745924,0
2760.625689168261,95.08725023229934,1.8335551543993929,0
3104.431797502378,77.7423433699766,2.813932773743013,0
2507.1369768322284,92.40753179488568,2.446257367960516,0
3563.2825147738786,93.25796316582166,3.715427138913415,0
3516.2326302755737,93.74056569847572,2.4903288417231564,0
3305.1851327167324,82.44254840507155,2.700160165001356,0
3093.383382238539,99.7519762978243,2.693057547933425,0
3838.218656137641,77.45710576830751,1.3411268682931647,0
3672.7100230774886,83.31855914461006,3.6283673161628034,0
3204.126377857236,89.80580394112268,2.950304688139484,0
3253.637015553649,90.06422269810938,0.7955468161542394,0
1379.3663299654638,95.38755992446367,3.488625753457723,0
3327.182828177029,87.08188731084456,3.0212175930716048,0
3153.649760438305,87.09725455811349,3.621278874357144,0
3166.157005989796,83.56481769619857,3.314129173474802,0
3125.2464251729384,80.08607650543692,2.3593164764543437,0
2964.9171442706765,93.1917451041918,2.1351033380206497,0
2832.107650354936,90.24219456672758,3.947445079786488,0
3554.3517902914537,89.85547729121721,2.8063911877927428,0
3043.29489373645,88.99845923520047,1.2312133502096332,0
3291.964092662982,81.90396480078354,2.079001714786063,0
3843.5708175362815,74.74343685429905,2.5203107364339283,0
2339.771693457862,75.59949117405705,1.8372023801758035,0
2381.524644560959,79.03724913104799,1.2192768172187876,0
3153.900884446029,95.13105798176085,4.063325947000229,0
3940.578534720295,94.9669922323652,2.1355683791809037,0
3507.1850325090654,107.10613372581923,3.183180781241779,0
2927.8197940380287,101.39878561129044,2.942600975987827,0
2640.777889373782,76.33121301584579,3.054783129531195,0
3106.989955367111,81.494795457907,1.5098700621381616,0
2392.905693606134,70.24533433646128,3.0349933244740104,0
3236.6188122867725,80.1751260646169,1.360834278039884,0
2299.07446860386,78.56995087269516,2.289687336633386,0
3594.508265553776,99.19154173610002,2.6764331416110934,0
2110.639875547861,93.23079273116028,3.217652957509706,0
3092.3169292661523,91.25576453471542,2.6951625583268,0
3284.883640116102,100.56056809066052,3.4084961177463557,0
3076.862552972764,95.52489954417148,2.515318221932602,0
3748.022155744592,87.47646497873713,3.519900033022978,0
2807.34320156912,86.908835357975,2.870073034283161,0
3424.8010485105124,98.38490774451644,1.8533874226872589,0
2202.7861706028166,79.53089017318061,1.9226099573301971,0
3701.3971554680497,96.38730222029184,2.484591696212484,0
3241.2362076215927,74.29499396376823,3.598278779741224,0
3541.5256215876384,91.22297503032284,3.0758063537185456,0
2148.3087803224225,94.90974951638252,2.150588610209426,0
2762.527344419522,90.34083468259226,1.7809727613414974,0
2625.756731721723,99.27840128081236,2.7171962486605183,0
2275.993049791878,85.34689543219946,1.7886073374173406,0
2648.4117874370563,81.56753404683808,3.156275210089965,0
2320.0719295100403,74.29123847931501,2.167044476091797,0
3117.10736626826,93.61503525206102,2.2601294429800958,0
2820.3539546064703,94.2406104446409,3.610670222566759,0
2748.2621729419,93.2876241030348,3.0745485805663475,0
3036.658983594202,94.2359906559346,3.2530484646139866,0
3002.6218498590915,101.85704154662996,2.062655932330188,0
3279.89522396552,90.82439752934503,2.1102376630440585,0
3353.8759677277376,90.43602446372454,2.335312455295728,0
3236.2987412065213,73.83689391563412,2.0752232817504286,0
3788.726639881738,95.00844474944456,3.106337479938896,0
3040.937069693161,111.45149127773388,2.302379439403203,0
3834.510762644697,104.12220555415428,2.325563283686101,0
3139.5107628851697,84.57326200265979,3.978887066637129,0
2512.063373511334,83.45924316872576,2.1273555447054697,0
3111.0668858168565,92.67126651011483,2.4355202005625918,0
3097.0449964491536,85.27909422302872,3.536697425490412,0
3796.5933133196986,108.73297776217544,2.827810236767598,0
2983.436513563101,103.10308746119608,2.4751528537032783,0
2712.181086881113,106.39964529371392,3.003623667377449,0
3170.87798788858,103.01741289398798,2.315679428635386,0
3420.321774494362,96.5590077652976,1.4053479689337516,0
2584.524941794481,104.77530081055262,1.442033634605144,0
2284.929311019684,80.9609235853521,2.755721460735182,0
3532.7401875326755,80.12820472848816,0.957861936523512,0
2983.6526259529533,101.73473857485324,3.605163262952389,0
2481.376922836772,110.61503576636396,2.276829655734553,0
3030.115104970513,98.70067730688754,2.532735340316577,0
3579.664901682124,85.25096343377476,2.304735621060639,0
3022.785919951907,89.11717951648745,0.9239169458305314,0
4005.102269383175,85.89185712045415,3.4831844019912497,0
2377.672648344292,106.2467845846956,0.7355471543207446,0
1963.3048837959248,86.33175588185313,2.965621253667781,0
3479.6354130426034,73.86438602123259,2.9014261889340363,0
3212.7287808924825,76.20381835211069,3.517882800085414,0
2438.638989218851,84.51275092259039,3.68154754089462,0
2674.199826197092,115.7970933765432,3.2140778706394477,0
3540.3903627773107,75.42448500535069,2.2184629457467926,0
2444.712077267085,102.17158520825495,2.779720037839755,0
2844.866621703272,86.94775295645333,2.0061974507624614,0
2884.532734895661,101.87386051564752,2.5124946671596824,0
3355.807439044445,103.28194141849058,3.1550221150038884,0
3603.2544832541785,95.6091944794124,2.2700419844797155,0
3848.228184145019,80.25470695329358,3.750730687065687,0
3161.3592801690447,75.21088431225871,1.079011813681344,0
3221.909714073114,82.94988144241591,0.4166289146982924,0
3258.829510234561,80.72646865809426,0.4763519378445573,0
2937.106539950176,102.81016361735112,3.058322618031222,0
2920.996050710505,83.56450167682539,2.657833812504965,0
3793.008408072676,97.0810867668859,3.455287522437898,0
3436.1603183603397,83.30927261340084,2.2121850833687318,0
2620.433669223151,97.42095372009308,2.526237596329269,0
2764.034067105283,88.14712341122292,1.9805015693428591,0
3721.88230203663,83.46233661351181,3.716804981727504,0
3515.922269734317,87.31469352094167,3.966045634783361,0
2242.404468900724,88.65982833327082,1.871211173892014,0
2296.2681128117224,99.34319911239274,1.809779388765504,0
2756.437308117652,85.46771950672725,1.839671576016836,0
2352.460613968192,79.32467085745728,2.8183416399574472,0
3438.6811452878355,95.16178287114958,2.574697899421321,0
3782.76201461717,101.00959634998571,3.762494446049748,0
3023.2182740780745,94.47716925810278,3.1004633340174124,0
3111.9420121395656,101.48445709196756,3.6646578577174136,0
2714.6268531252617,83.29379790923355,2.089442908389283,0
2768.8623556474786,74.86285607387173,1.6967563225263915,0
2863.6382151261646,94.28307097207647,1.8721904734978367,0
3144.584321953909,102.657078408647,2.0289065386090432,0
2756.1968879637534,99.13584626233248,0.3914018087864979,0
3228.376609576892,121.37748533659992,2.310755770224844,0
3385.4325969434835,101.64739354457171,3.2974870187726464,0
3526.576426666452,82.48030668261181,1.821257092647348,0
2749.121478207732,94.3004164719107,1.523430059268673,0
3252.4936394902284,84.18319086051356,4.081152467612388,0
3462.0135096034505,95.13907849658916,2.997655992244839,0
3328.276804316915,86.75168616491378,2.9461528485801,0
2618.3704217287413,86.27793223928947,3.237441201581802,0
2389.578175014489,105.73986763290031,4.707728031128863,1
3417.846056032571,89.72485094949364,1.9323361162006616,0
2555.2427851872385,97.58928589786764,3.2898676132712814,0
4286.67990162493,93.38483843461692,1.9737323569182903,0
3410.241090598682,95.462842480037,2.613005712069971,0
3235.707778193202,87.49953485401048,2.3155802998557995,0
4227.650069955447,81.33825151785499,1.83019005516024,0
3923.318498023833,96.21571889856052,2.7592456225772484,0
2148.70819788108,86.96820217165724,1.7961485171983569,0
2268.2425259339407,89.19283419891417,2.4393885707716323,0
2836.9882339160795,98.8404539636105,2.7043070045394537,0
2603.73963078365,86.20872259012513,2.584715562492188,0
2687.590711152161,90.70052163113182,2.534811734914773,0
3414.702790591745,94.66429982433526,4.596634472823981,0
2819.51691709046,95.86693801475276,1.6866534971388023,0
3982.3625664581946,88.61544016016227,2.56076421433287,0
3127.2104216506063,81.73119645960139,2.811691341896723,0
3295.327415346155,85.26160652929084,2.1919825506297093,0
3257.51763360433,82.98008312193245,3.687292822828772,0
2339.883396489679,110.13387247526624,1.3027765959279367,0
2459.4717297958687,92.1319662823769,2.474848663700179,0
3676.9361870827065,80.28385961489349,1.696834102334801,0
2982.50575475152,111.70942717497816,2.47310994823703,0
2681.130007874342,99.69457200526736,2.013699791459345,0
2881.590696629996,92.78994162223802,2.447093908299342,0
2882.923312638332,96.9822331361359,0.9851082664369716,0
2686.516471106116,91.23204806784486,2.086856284889943,0
2870.204324318197,89.20358608754285,1.821892857104732,0
2967.124869463506,109.58347454220592,3.2883597484921747,0
3139.98431315991,98.8310977714716,2.338806772841985,0
3832.737222231288,99.50307591973576,3.7433283365718193,0
3288.53606359027,80.01614560811709,1.39790599939661,0
2908.00833182366,100.85982116175032,2.502956537478278,0
3244.687280613959,93.24359281721604,3.0854965634306364,0
3002.5567283212304,99.1632767470248,1.2569929871871484,0
2782.7518862838424,71.96860323744055,2.423628602328741,0
3173.7908526808355,98.08057798281143,3.5731807324247047,0
2890.449735595568,76.43418195376594,2.459836306366604,0
2466.189785308703,75.78189333258156,1.4603350104579218,0
2300.7162130904294,81.81801116577692,2.2349532934533416,0
3528.561113109458,74.2360784301575,2.4925597430891084,0
2993.251387631033,93.9922312260528,2.8810862154849755,0
3310.336048775339,83.07579020126144,2.883553214468851,0
2893.0055778872456,87.9188314272746,2.372763831679959,0
3178.893680174141,91.25224502647907,3.9434784878293945,0
2540.2878828830985,87.55843364709351,2.216767431247181,0
3187.849009172836,91.2003132671826,3.49115708235155,0
4263.466212936811,99.64851633097456,0.7094150133400223,0
2634.816684141432,84.42508214992166,1.9522961393919969,0
3440.819878474725,102.62584103427182,0.9642614750418748,0
3316.2038695277606,83.77350638265548,2.3585806695073743,0
4094.901466608836,83.94384460263136,2.1692278711013797,0
3140.495933867516,78.96633393826127,2.0219918442466867,0
3589.6485920319133,105.28468426412532,2.8125567367425157,0
2296.2441526410894,106.15375689469442,1.6931562527390334,0
3245.9595857532527,83.22284630247894,1.756391311846072,0
3239.489912873196,94.36559804157667,2.46574129495074,0
2562.1908733076216,100.24062525811462,3.132297516841369,0
3406.758608684835,95.9740006984986,1.5087143394768794,0
2446.8325129969858,101.48765700372104,2.812371879943112,0
1849.039417632208,83.90217095680617,4.391097995695489,0
2972.852566741094,99.85729995679864,1.3755463846570863,0
3049.8256825438207,89.35861653407008,3.072305052352996,0
2773.846840375462,101.24112719986012,3.5109653421237352,0
2165.2973594393143,102.21033695525352,2.640169135126809,0
3492.161199238292,89.6677000935554,4.275024186758508,0
3098.260584850735,95.21122428379338,2.076817833548788,0
3406.262911197099,86.37559058596868,2.7122898795197026,0
3723.488942176866,106.12220628255425,3.891081081482665,1
2137.541083743484,107.3596380316525,3.163579873545399,0
3932.8872555723774,83.11849654822277,2.1998428957408502,0
3369.233289997705,106.83927691457868,1.944229495128753,0
3038.684153823809,84.35752401342612,2.1055017420801825,0
2595.8508573224244,108.26009713546937,2.708224405266309,0
2963.585543671564,87.75366850002976,2.286678136612468,0
2951.970050137675,73.98034188102832,1.994737816667735,0
2613.587392731214,83.26509375756132,2.150624211167524,0
3103.843843581556,91.15026079147415,2.054061557513343,0
2661.5389998470205,94.94030186282738,1.973506808739795,0
2991.788551963624,73.1656180777905,2.7337541826610985,0
2839.307079173503,86.97530313511872,2.539818949744768,0
2694.241098504026,91.89581616598744,2.809058654249248,0
2971.5271881394665,85.64513629430157,2.598838156764466,0
3085.432719063971,80.64561297955404,4.070069752424636,0
2653.545202369673,89.01110346808858,2.9180112842126062,0
3524.5046129184448,94.89187130147664,3.3727843401487734,0
3458.930973527388,98.33528961608924,3.708923944197878,0
3009.2169665326965,84.64036554885952,3.309170428326685,0
3017.6317759858644,77.75701763710634,3.094145934687778,0
2603.563583868828,72.39237240844182,3.689796924268742,0
3898.843263424761,89.7347874075094,2.7062020321142004,0
2257.219813481514,81.08807774584713,3.151321409694613,0
3773.752600665031,97.93488720552212,1.6181662801308612,0
3065.3702886430456,102.36093175210438,2.434781861518683,0
3280.3922631841174,85.70594458874747,2.347276966618161,0
3393.542301871226,112.90942572590744,2.697203822745604,0
2794.0615169387665,93.67365506816178,2.9277032688979485,0
2610.8476372988434,108.38183676795124,2.111755331705705,0
2700.3124885231136,95.36652752527286,2.6414566977115186,0
2647.8281547286206,96.3472146856177,4.1098163565606125,0
3288.2784815278837,88.79051851392218,2.3153069009241847,0
3704.67372009279,90.76851882958768,3.1761263769474573,0
2718.766612052866,106.95051040430752,1.9027373227678088,0
3202.0254284072694,79.60094072874469,3.814138362604771,0
2795.9623134892245,87.18672442881787,2.173519328671824,0
2711.5481721687984,82.46582129653817,3.328199467779002,0
2930.867849414408,99.24633682912769,2.384385063427586,0
3354.1782236496765,94.67693171765433,2.3163610757117223,0
2516.5119284353937,83.73282775410036,3.085993682223842,0
4037.70039932272,82.52788320852177,2.568549729122687,0
2890.164056081244,86.5134786559214,2.5004223670852777,0
2531.0874800424385,90.40591691203882,2.877925022304302,0
3411.2724560515944,85.16813537700627,3.348167925999104,0
2214.8876400547715,76.79977488779295,2.2720996053042635,0
3024.2608139724134,90.88406886291848,1.419140507033583,0
3343.0257299992195,78.96791634278317,2.450247186400551,0
2734.87119081378,95.65509645631543,3.045641652570096,0
3112.0462409052084,89.72695460490068,2.0713588295581618,0
3484.3224952664445,89.62777763490159,2.7403794876886627,0
2718.1377235980126,91.70416222375488,1.9717430884212424,0
3073.356843216661,105.98647170504717,3.879757319808887,1
3600.6069610819723,97.36843897092432,1.7837229421095806,0
3116.0249686788184,75.15102031550097,3.3777221694029564,0
2636.4314120875656,83.88230909094715,2.295056198003696,0
2942.6317792665504,87.96419639897638,2.967530384377987,0
2043.359877671101,83.10812181910433,1.748077519112908,0
3010.5019208163794,76.8816376764984,2.8372692884915645,0
3378.494308322676,88.1710355889516,0.9987578351665009,0
3938.085419607943,105.61511196726852,1.7606134845853565,0
3005.1165305097934,86.83591550305198,2.52732193399042,0
3411.030079997245,103.8427281851052,1.8513139910317291,0
2975.2681451737835,88.71462488561069,2.736499590997676,0
2876.4113087397013,101.88913371474644,2.557629489026996,0
1651.5566785292142,88.12855734995452,2.203593521127977,0
3041.1419946377123,87.88869761172306,2.815037838573001,0
2621.8246273578484,92.24684725751888,2.060354291273136,0
3392.9000793254163,80.28343265458714,2.711216065066936,0
2674.678715439087,88.29815377475072,1.6318795787537614,0
2540.6740267579007,92.33216131263502,1.7604272094963564,0
3432.8775970850606,79.85243269307134,1.248606710631159,0
1980.937732411073,90.66990717224871,1.7033476841678166,0
3897.278931758894,103.95683810789956,1.7722532664145332,0
3435.562351715846,65.75759739727059,1.7596602991523302,0
2879.8373009209326,85.35382702701607,2.875414071846821,0
2242.576387657068,80.31655545136366,2.970842615816576,0
3190.0989255029817,74.95279625968998,1.5374393156886843,0
2907.548931778505,91.79581781939598,3.563146655628328,0
2875.4819802218108,96.4828043384386,3.077250004100915,0
2435.474114391385,89.75804393609084,2.2583636004081087,0
3135.22841288992,78.58310885866496,2.8854928493747933,0
3165.631715701782,95.43600154594432,2.71004906320154,0
3822.4838567506417,82.1510168691776,2.7430548764839005,0
3144.8874284482063,89.78632705651565,1.6888832381659695,0
2583.8222134478856,103.92465300064327,1.9256648874019184,0
2622.3085338233386,95.01094169939846,1.5791887331043943,0
4061.078098506317,70.06264357428545,1.3390594479587528,0
2887.111849756732,84.26299996061421,2.721901550366553,0
3406.754818000319,95.57810306351864,2.898194471273116,0
2401.061053705576,96.7318135126996,2.87760181673542,0
2512.659164886339,65.00594285126427,1.6108336344503744,0
3099.529847786735,113.19329539981696,3.043498626365203,0
3558.647915794064,103.74438093170818,3.8978905583324464,0
3428.199397161736,76.65974505081796,2.8697381328655545,0
3075.196893238104,92.99292580406492,1.8932037322399444,0
2845.4139382656804,74.1586405699451,1.0790029332268385,0
3638.8384109492554,111.65002344901085,1.765997743188589,0
3739.972069445013,115.58199285668252,1.948217780748661,0
2746.528412314435,101.90646274786342,2.079172125865936,0
3906.224278998464,95.51485376040468,2.3428267332575223,0
3273.548690585019,100.85895565831578,2.9276045187844404,0
2726.570529379804,88.81931473008922,1.7839441261787163,0
2224.668284466933,93.21357215450271,2.8507805910477817,0
2728.2876144331176,83.92178012905568,1.7413215966206392,0
2600.851377730773,87.85078969711265,2.8667093628411875,0
2882.7064333124267,93.46488475897992,3.154311726420023,0
3725.571803897521,76.28098857068643,2.62801458068223,0
3164.3755548298423,92.38789159026514,2.381775744946023,0
2723.175347326409,102.89752754082744,2.899748088242347,0
2993.8766135765427,105.30750832343698,2.2648264418686543,0
2842.365377679828,87.05050321707972,2.1239662817923985,0
3307.0833500217127,106.69904504351406,1.8893711166571348,0
2545.3062726026305,101.8703030556038,3.1276834303184198,0
4222.875989808414,88.19520086409375,2.979035511649528,0
3732.824384460777,95.228354880355,2.5479461042130627,0
2738.63848974048,93.5063009927356,2.809446816551362,0
3769.0182832329847,94.7704082722312,3.4889045774449743,0
3943.092950605265,96.12773905062568,1.7795034122817048,0
3720.6366445330577,100.9131012059427,2.778141186830669,0
3101.46151042565,88.65691258529452,2.075028564313921,0
3037.0473902098875,92.825799504883,2.204378456933313,0
2828.642741736616,110.88374704780728,1.8042695349802444,0
